{
    "N_atoms": 30,
    "backend": "GNN",
    "results": {
        "final_energy_ha": -688.046504,
        "final_error_ha": 0.02953,
        "raw_block_energies": [
            -687.1100101959338,
            -687.3116435129987,
            -687.4481147075126,
            -687.548704834534,
            -687.6341710886561,
            -687.7003937749097,
            -687.7435210189844,
            -687.7826515781275,
            -687.8257986306902,
            -687.8489354936808,
            -687.8732332690105,
            -687.883418283822,
            -687.9112479535321,
            -687.9233511093427,
            -687.9325176187352,
            -687.9544932248796,
            -687.9760725511452,
            -687.9894888738122,
            -687.9904223631427,
            -688.0012435106731,
            -688.0016305913912,
            -688.0053795245891,
            -688.0312612226436,
            -688.0416834981914,
            -688.0316053332035,
            -688.0323623780076,
            -688.0341293349345,
            -688.0392711231202,
            -688.0610585548142,
            -688.0650703217394,
            -688.0551469072279,
            -688.0506537027885,
            -688.0328348495603,
            -688.0448726522237,
            -688.0442907285031,
            -688.0475586123329,
            -688.0541881973752,
            -688.051717887778,
            -688.0530272844248,
            -688.0555200648878,
            -688.069087640252,
            -688.0474537696889,
            -688.0608229301112,
            -688.0742940065866,
            -688.0874307328453,
            -688.0651096434314,
            -688.0802794656988,
            -688.0819915294527,
            -688.0704737016121,
            -688.0728039623162,
            -688.0841968240728,
            -688.0878707365134,
            -688.085447474958,
            -688.0847522028855,
            -688.069738197009,
            -688.0654834819815,
            -688.070136849449,
            -688.048533461877,
            -688.0603293803479,
            -688.0598525257948,
            -688.0713130511976,
            -688.0791268314539,
            -688.0817422074194,
            -688.0638292872559,
            -688.0722441725196,
            -688.0617392264546,
            -688.0672532316693,
            -688.0459616277468,
            -688.0421878926154,
            -688.0435820789472,
            -688.0484120721931,
            -688.0576766976484,
            -688.0634133848257,
            -688.0675932477121,
            -688.0508117975444,
            -688.0663231376194,
            -688.0534051546911,
            -688.0797712113334,
            -688.0915743535671,
            -688.0927390995942,
            -688.1098719691211,
            -688.0919309395327,
            -688.1024906352916,
            -688.1160899244118,
            -688.1129710320263,
            -688.1263001440784,
            -688.1167467301067,
            -688.1018134593784,
            -688.1073523126744,
            -688.0935353837923,
            -688.1057963000067,
            -688.1274424413792,
            -688.1298732954823,
            -688.1128874669363,
            -688.0873607054781,
            -688.0742414459204,
            -688.0728166118843,
            -688.0827314838199,
            -688.0818749909001,
            -688.0928334322771,
            -688.0897551098303,
            -688.0821371693823,
            -688.0787546557307,
            -688.087875643147,
            -688.0820494951012,
            -688.0794111582892,
            -688.0845050673523,
            -688.0714905125519,
            -688.077605422371,
            -688.070278105078,
            -688.0729838221711,
            -688.0838918627442,
            -688.0817180877259,
            -688.0955511978286,
            -688.0869978028343,
            -688.082091108171,
            -688.0910661918329,
            -688.0814001422206,
            -688.0812329940389,
            -688.0996207028481,
            -688.0905570290204,
            -688.0913435497158,
            -688.0991403713197,
            -688.1183565623195,
            -688.1207232781921,
            -688.1213846416379,
            -688.0993945695011,
            -688.0953139291948,
            -688.1108040466679,
            -688.1081026001639,
            -688.1033882866153,
            -688.1051029367507,
            -688.1045931990407,
            -688.0964246979161,
            -688.0745589876506,
            -688.073113180385,
            -688.0969410941591,
            -688.089186996231,
            -688.1185507783575,
            -688.0830977494459,
            -688.0740914321108,
            -688.0788206042315,
            -688.0658646695258,
            -688.0890073012466,
            -688.0846594903469,
            -688.0863810518085,
            -688.0937716355622,
            -688.0991127957996,
            -688.1150689004348,
            -688.1250135516099,
            -688.1170142608219,
            -688.0918298452539,
            -688.0808863213728,
            -688.0831239993839,
            -688.0902880867433,
            -688.0843505968777,
            -688.0794600822213,
            -688.0744454162925,
            -688.0681936273478,
            -688.0666715701134,
            -688.0547804731946,
            -688.0574003559535,
            -688.0667755986071,
            -688.0712542019774,
            -688.0823381988923,
            -688.0721272874691,
            -688.0880516345576,
            -688.1104156500684,
            -688.1168211641693,
            -688.1062864266596,
            -688.121781148523,
            -688.0998483991979,
            -688.0940293275665,
            -688.1164570424527,
            -688.1280821547825,
            -688.1136307479728,
            -688.1050273466304,
            -688.0912091924357,
            -688.0903178567294,
            -688.0954462931913,
            -688.0788408838619,
            -688.0723152066063,
            -688.0533969084695,
            -688.0524079159744,
            -688.0785856135428,
            -688.0689146209164,
            -688.0737547641343,
            -688.0590323893427,
            -688.068704208008,
            -688.0592799732084,
            -688.061618668451,
            -688.0463680518509,
            -688.0566438427413,
            -688.0515933301585,
            -688.0525332407951,
            -688.0451665964039,
            -688.0381995590441,
            -688.0530657567323,
            -688.0480601160963,
            -688.0430200621638,
            -688.0559913355844
        ]
    },
    "local_energy_proxy": {
        "avg_time_sec": 0.751057,
        "model_weights_mb": 0.0584,
        "graph_batch_mb": 14.2969,
        "total_intrinsic_memory_mb": 14.3552
    }
}