{
    "N_atoms": 30,
    "backend": "Classical",
    "results": {
        "final_energy_ha": -688.211859,
        "final_error_ha": 0.020003,
        "raw_block_energies": [
            -686.9385569786909,
            -687.356067708359,
            -687.6171532631262,
            -687.7980383427612,
            -687.9187296334389,
            -688.0000538883436,
            -688.0620556941167,
            -688.1149983323086,
            -688.1347512140796,
            -688.1496182843867,
            -688.1673643744472,
            -688.185176481951,
            -688.1870494095476,
            -688.197913132534,
            -688.2051370369293,
            -688.2133891543616,
            -688.2125212869095,
            -688.2071949204968,
            -688.2053335452697,
            -688.1976736212039,
            -688.222364604942,
            -688.2182536975633,
            -688.2297650688164,
            -688.2318160201155,
            -688.2040760130096,
            -688.2107613632303,
            -688.2285563893572,
            -688.2262163042084,
            -688.2780064508988,
            -688.2989636815449,
            -688.2810906297151,
            -688.2753656615853,
            -688.2506666990027,
            -688.2293582713107,
            -688.2364807726151,
            -688.2254185845422,
            -688.2322157118247,
            -688.1945439733327,
            -688.2070195167324,
            -688.2466259162949,
            -688.2357591180047,
            -688.219131707132,
            -688.2210173770729,
            -688.2073722371867,
            -688.2099467334546,
            -688.2268467542424,
            -688.2574791838633,
            -688.2417743146733,
            -688.2170216038278,
            -688.2137478814761,
            -688.2144882316991,
            -688.2101292592047,
            -688.2131323491423,
            -688.1970461547608,
            -688.2110804873008,
            -688.211079698742,
            -688.2099154863959,
            -688.2163897255815,
            -688.2336089979334,
            -688.2518695641442,
            -688.2643385805326,
            -688.2504438603673,
            -688.2554141578038,
            -688.23519830288,
            -688.2375169003719,
            -688.2499106764527,
            -688.2570286071954,
            -688.2217531877178,
            -688.2182448483859,
            -688.2277189387548,
            -688.238413685582,
            -688.231952046944,
            -688.2479656162815,
            -688.2518324494397,
            -688.1940647031589,
            -688.1944312189884,
            -688.1978405287371,
            -688.1986408142272,
            -688.2229385749179,
            -688.1958682457213,
            -688.2283912065709,
            -688.2158943936342,
            -688.247181981098,
            -688.2567668332462,
            -688.276649877138,
            -688.2774751472581,
            -688.2634677824786,
            -688.2559200934545,
            -688.2540204111116,
            -688.2379300006244,
            -688.243339234273,
            -688.2396871180181,
            -688.25361907229,
            -688.2545667413082,
            -688.251824975505,
            -688.2136229575523,
            -688.2237766886495,
            -688.2232778254493,
            -688.2322663761059,
            -688.2195540544922,
            -688.2202019727845,
            -688.2157379149085,
            -688.2331896868027,
            -688.2483503859006,
            -688.2420153634155,
            -688.2253813773436,
            -688.2489280250069,
            -688.2360727812502,
            -688.24394174965,
            -688.2481275752496,
            -688.2376787633907,
            -688.2056920720022,
            -688.2391229230966,
            -688.2419520263558,
            -688.2405176119609,
            -688.2174749069935,
            -688.2342167520945,
            -688.2488210911832,
            -688.2624560020058,
            -688.2858070906052,
            -688.2516828667979,
            -688.2259254812355,
            -688.2239283915959,
            -688.2592428572216,
            -688.227828341606,
            -688.2226999987142,
            -688.2212183957154,
            -688.2351096900356,
            -688.2492081458475,
            -688.2488417256336,
            -688.2306594265847,
            -688.2320700351493,
            -688.2176728033176,
            -688.2078993310469,
            -688.2138401961829,
            -688.2140881041224,
            -688.2171109090791,
            -688.2402021015482,
            -688.2549151495342,
            -688.2825753246755,
            -688.2547153074751,
            -688.2227798060944,
            -688.25648663504,
            -688.2587693922736,
            -688.2504215381547,
            -688.2536573896489,
            -688.2560103097412,
            -688.2384904223237,
            -688.246668654324,
            -688.2424220879639,
            -688.2463150937587,
            -688.2399454848274,
            -688.2208556031877,
            -688.2394080878983,
            -688.2402164501699,
            -688.265311516662,
            -688.2584423191411,
            -688.2247418376276,
            -688.243102840507,
            -688.2732290520347,
            -688.2061866365539,
            -688.2349748815167,
            -688.2313928682767,
            -688.2530402887971,
            -688.2325476856693,
            -688.257084077567,
            -688.2677258243937,
            -688.2765048455849,
            -688.2650426864,
            -688.2238591821916,
            -688.2195501253597,
            -688.2281116163568,
            -688.2326617200865,
            -688.2209195794682,
            -688.2134085115196,
            -688.225056114468,
            -688.2493385144398,
            -688.220812696468,
            -688.234491668166,
            -688.2421653391232,
            -688.2262959270357,
            -688.1981469860426,
            -688.2107006393106,
            -688.2039692155553,
            -688.2219297661721,
            -688.2462723479326,
            -688.2353236969124,
            -688.2282900744217,
            -688.2653638616175,
            -688.2671694229368,
            -688.2559021579973,
            -688.2285146596804,
            -688.2434244198289,
            -688.2703763376534,
            -688.2423439416456,
            -688.2338910133382,
            -688.2279185250948,
            -688.2302198681821,
            -688.2248296402381,
            -688.2235556311412,
            -688.2540866582219
        ]
    },
    "local_energy_proxy": {
        "avg_time_sec": 23.025464,
        "cholesky_and_h1_mb": 42.1488,
        "total_intrinsic_memory_mb": 42.1488
    }
}