{
    "N_atoms": 18,
    "backend": "GNN",
    "results": {
        "final_energy_ha": -383.25409,
        "final_error_ha": 0.030039,
        "raw_block_energies": [
            -382.41311417505307,
            -382.6407144721633,
            -382.7666828633655,
            -382.84725985217614,
            -382.88932533797714,
            -382.9386712101554,
            -382.9705985149213,
            -382.99215990429525,
            -383.0235673745898,
            -383.0487423942166,
            -383.06560338791303,
            -383.0875680959884,
            -383.09529746204936,
            -383.1029416990081,
            -383.1130541157391,
            -383.12269417942457,
            -383.1431079874249,
            -383.1604309561301,
            -383.16046276455654,
            -383.1782861034303,
            -383.1614790809967,
            -383.17551619861763,
            -383.186575363748,
            -383.2126084805756,
            -383.2042464391291,
            -383.21264761206055,
            -383.2086632789632,
            -383.2234876274425,
            -383.20553970026964,
            -383.22334922472845,
            -383.2346449888327,
            -383.2643643917205,
            -383.2468650864273,
            -383.26624786180275,
            -383.2620679627714,
            -383.2692088346156,
            -383.27886312141675,
            -383.26275159477177,
            -383.2691900135352,
            -383.25503773729184,
            -383.2682698452801,
            -383.2675134404846,
            -383.24546487400175,
            -383.2376598923356,
            -383.2482831022595,
            -383.26283396361487,
            -383.26177888498336,
            -383.2647476013268,
            -383.27508516104683,
            -383.29051840150726,
            -383.294298064842,
            -383.3026025938066,
            -383.2975138803869,
            -383.2997676286966,
            -383.2838743301842,
            -383.30554076344833,
            -383.2789703996299,
            -383.28643246994466,
            -383.3214975811124,
            -383.299035666596,
            -383.30144973725226,
            -383.2833806603354,
            -383.2709473679136,
            -383.2655475164885,
            -383.28977154320216,
            -383.28195341085893,
            -383.2841018669839,
            -383.3047784722297,
            -383.2916265628111,
            -383.2987941686692,
            -383.2811439128448,
            -383.27589907214616,
            -383.29258883775435,
            -383.2965429608006,
            -383.2860311123505,
            -383.290991596333,
            -383.28887405851486,
            -383.27308712015895,
            -383.271070464242,
            -383.27530175756755,
            -383.2806161772105,
            -383.3096895263556,
            -383.295842499578,
            -383.2825789591278,
            -383.2746824318563,
            -383.2794131645448,
            -383.27181159099075,
            -383.29492714403716,
            -383.292986789836,
            -383.2824593285382,
            -383.2595913334344,
            -383.26835363379485,
            -383.2783498225315,
            -383.2840100445212,
            -383.2696807867638,
            -383.26468920970905,
            -383.2799537746836,
            -383.27977223671,
            -383.2928220484349,
            -383.2800672706929,
            -383.29245412264413,
            -383.274590341878,
            -383.2996574607207,
            -383.30052881040046,
            -383.27962729996955,
            -383.2846203047889,
            -383.2898233637087,
            -383.2953390014799,
            -383.252940083183,
            -383.28516968288557,
            -383.27839988578233,
            -383.30872542286914,
            -383.2848555993912,
            -383.30821978144274,
            -383.3112171484895,
            -383.30534508885444,
            -383.31600039916043,
            -383.3027387431957,
            -383.3128964901433,
            -383.3131731236765,
            -383.3656025472829,
            -383.3159256046589,
            -383.32255534048454,
            -383.331849936387,
            -383.3204112190045,
            -383.3014091670043,
            -383.2940162368543,
            -383.2965453773702,
            -383.324335780137,
            -383.31466335886853,
            -383.29254808146544,
            -383.29336381770315,
            -383.30567880632947,
            -383.32656672033295,
            -383.31280300258607,
            -383.28878039853066,
            -383.2947871377547,
            -383.3029767656874,
            -383.28868379420953,
            -383.29758646683877,
            -383.29670626871,
            -383.291312020058,
            -383.31331003623984,
            -383.3275274610416,
            -383.33442417818344,
            -383.32240493896023,
            -383.320698161655,
            -383.31693740479415,
            -383.3217750788743,
            -383.33235120926827,
            -383.31624005070626,
            -383.30580065609047,
            -383.31050034578936,
            -383.3098848617003,
            -383.32338922270145,
            -383.31899080894544,
            -383.2988241011372,
            -383.30303432257284,
            -383.2997207349603,
            -383.3161692425406,
            -383.33511172550095,
            -383.29958129425853,
            -383.294068909048,
            -383.29451713298994,
            -383.29245121550684,
            -383.28763847569286,
            -383.299602864992,
            -383.2858358589262,
            -383.2811989274994,
            -383.30218503744493,
            -383.3071726075587,
            -383.29178243197094,
            -383.275715469622,
            -383.26327922091815,
            -383.2758531843328,
            -383.26860321798694,
            -383.26266802548184,
            -383.26903550125064,
            -383.26549117233833,
            -383.28760097316234,
            -383.2682180737343,
            -383.2573202140881,
            -383.2536052693017,
            -383.25534942135585,
            -383.2653749415424,
            -383.27497035856544,
            -383.27171025828835,
            -383.2626351148543,
            -383.2584679854281,
            -383.2635112780615,
            -383.27790696207416,
            -383.27302960692737,
            -383.2508930011245,
            -383.2794242330795,
            -383.2844411809638,
            -383.2976206766754,
            -383.3197905018439,
            -383.35132294312206,
            -383.33843232685564,
            -383.3399920611807,
            -383.3100059960613
        ]
    },
    "local_energy_proxy": {
        "avg_time_sec": 0.229418,
        "model_weights_mb": 0.2012,
        "graph_batch_mb": 5.3438,
        "total_intrinsic_memory_mb": 5.5449
    }
}