{
    "N_atoms": 42,
    "backend": "GNN",
    "results": {
        "final_energy_ha": -992.955003,
        "final_error_ha": 0.03914,
        "raw_block_energies": [
            -991.4574133630812,
            -991.8849078776152,
            -992.1551403021836,
            -992.3305883450296,
            -992.4506362140554,
            -992.5325987939882,
            -992.6169020219015,
            -992.6448122670961,
            -992.6885017498271,
            -992.7145341318901,
            -992.7428825381237,
            -992.7605867687098,
            -992.7687191200341,
            -992.7761941440352,
            -992.781740778173,
            -992.8064459550778,
            -992.8301995857393,
            -992.837017664845,
            -992.8643266022211,
            -992.878224751096,
            -992.8672118320885,
            -992.8747154369671,
            -992.8927654905751,
            -992.8937764289034,
            -992.8883570396,
            -992.8790065690512,
            -992.8924668139798,
            -992.9126926309651,
            -992.9013096669559,
            -992.894377387523,
            -992.9292279389471,
            -992.9150412543873,
            -992.9036744928939,
            -992.9193175430013,
            -992.9516951913184,
            -992.9645775386166,
            -992.9659825969305,
            -992.9975316221571,
            -993.0073744961293,
            -993.0159010105976,
            -993.0279285472533,
            -993.047454407848,
            -993.0671141319262,
            -993.0383778134153,
            -993.0413717422828,
            -993.0545210670142,
            -993.0257136631353,
            -993.0112525371793,
            -993.0019772307602,
            -992.998735521845,
            -993.0360360723355,
            -993.0271586299137,
            -993.0354646142965,
            -993.0193483990435,
            -993.0373532940341,
            -992.9924900762348,
            -992.9948151556538,
            -993.0242194239363,
            -993.0429711759333,
            -993.0042888461477,
            -992.9993800312033,
            -992.9856015216295,
            -992.9750440022632,
            -992.9630715760339,
            -992.9888076115751,
            -992.9913962859546,
            -992.9802150161443,
            -993.0031309824377,
            -992.9639750596284,
            -992.9762274099627,
            -992.9748392205761,
            -992.980129414301,
            -992.9779989327504,
            -992.9609013197966,
            -992.9594966638161,
            -992.9843011110563,
            -992.9858618538872,
            -992.9826938171904,
            -992.9736513691478,
            -992.9917969674794,
            -993.0491257152236,
            -993.0523078165292,
            -993.0537549182258,
            -993.0666891728689,
            -993.0626042073874,
            -993.0672816329801,
            -993.0688358442155,
            -993.0528034072705,
            -993.0444953542961,
            -993.0637434481872,
            -993.0593181959092,
            -993.0291148962089,
            -993.0411822990203,
            -993.0364530971237,
            -993.0502175698596,
            -993.0402404547423,
            -993.0202356623488,
            -993.0478584405861,
            -993.0355764489393,
            -993.0315036737838,
            -993.0309234505262,
            -993.0190233733806,
            -993.0141765862389,
            -993.0239561675658,
            -993.0283939867828,
            -993.0288784233902,
            -993.0009224080637,
            -993.0288116630167,
            -993.0308360421977,
            -993.0138857871136,
            -993.0003931992449,
            -992.99478422263,
            -992.9827979238764,
            -992.9726474757026,
            -992.9821041370378,
            -992.9934882835487,
            -993.0228823817125,
            -993.005051299754,
            -992.9944407193711,
            -993.0226109940111,
            -993.0214613423938,
            -993.0222014743748,
            -993.0173340762585,
            -993.0210481121233,
            -993.0626976949968,
            -993.0561961553585,
            -993.066265705763,
            -993.0401145174014,
            -993.0586025865204,
            -993.0755072142169,
            -993.0341760772077,
            -993.0342064086266,
            -993.0613500498672,
            -993.0398600254813,
            -993.0403375393955,
            -993.0508019218969,
            -993.0263708230724,
            -992.9965108638968,
            -992.9952087000736,
            -993.0309749322695,
            -993.01322987524,
            -993.0369221997063,
            -993.0467141226464,
            -993.0301094250074,
            -993.0155467964669,
            -993.0028338230397,
            -992.9832745772603,
            -992.9621841263083,
            -992.9679224679516,
            -992.9551080630478,
            -992.932042904355,
            -992.9556974844421,
            -992.9769094827883,
            -992.9750858499092,
            -992.950630629853,
            -992.9790467914231,
            -992.9698898672804,
            -993.002949950482,
            -992.9853090181339,
            -992.9905551096549,
            -992.9813465019,
            -993.0099234823218,
            -993.0357617866829,
            -992.9958857649399,
            -993.0050939435982,
            -993.0166473542356,
            -993.0105997553683,
            -992.97127488231,
            -992.9601102573337,
            -992.9745776639176,
            -992.9523052226766,
            -992.9684898324018,
            -992.9565024718404,
            -992.9709277221534,
            -992.9848159205297,
            -992.9893567563602,
            -993.0055181338403,
            -993.0108949776965,
            -992.9976907441936,
            -992.9826564252975,
            -992.9678854365405,
            -992.9424706473344,
            -992.9519259528327,
            -992.9783553221013,
            -992.9863211911701,
            -992.9664785585069,
            -992.9655861613196,
            -992.957729269524,
            -992.9937898377816,
            -992.9686647596366,
            -992.9865854253424,
            -992.992962319435,
            -992.9756168405742,
            -992.9833201416792,
            -992.9821807813591,
            -993.0073050355423,
            -993.0013987555526,
            -992.9988809168486,
            -992.9716052658398,
            -992.9963377771029,
            -992.9781559251594
        ]
    },
    "local_energy_proxy": {
        "avg_time_sec": 2.396393,
        "model_weights_mb": 1.3697,
        "graph_batch_mb": 28.2188,
        "total_intrinsic_memory_mb": 29.5884
    }
}