{
    "N_atoms": 36,
    "backend": "GNN",
    "results": {
        "final_energy_ha": -840.696826,
        "final_error_ha": 0.045877,
        "raw_block_energies": [
            -839.2193154250089,
            -839.6166064410239,
            -839.8724645793887,
            -840.0110162761507,
            -840.1191909575651,
            -840.1883473271154,
            -840.2483058253727,
            -840.2788700303624,
            -840.3236614282785,
            -840.3670276440531,
            -840.390896905249,
            -840.413024487304,
            -840.4400793770064,
            -840.4568616276173,
            -840.5164529806362,
            -840.5096918677427,
            -840.5424739242458,
            -840.5822077359591,
            -840.5951231089069,
            -840.5929557097886,
            -840.5881521733841,
            -840.6261839199404,
            -840.6250459719358,
            -840.6179884127065,
            -840.6437775940165,
            -840.6275841312664,
            -840.6297884640719,
            -840.6584580388992,
            -840.6551126520693,
            -840.7000618046819,
            -840.6562882301766,
            -840.6442402645577,
            -840.6613349141843,
            -840.702259277036,
            -840.723053290725,
            -840.7357703392208,
            -840.7328133240267,
            -840.7592215881962,
            -840.7428075925011,
            -840.7126638376151,
            -840.7125240188287,
            -840.7024671210382,
            -840.6982199682179,
            -840.7352717250352,
            -840.7222485444653,
            -840.7549235078272,
            -840.7494564472898,
            -840.7599474710084,
            -840.7840743331558,
            -840.7454100415412,
            -840.7325354557404,
            -840.7364923402458,
            -840.7616350881336,
            -840.722112431277,
            -840.7213301240884,
            -840.7572729499127,
            -840.7573244495866,
            -840.7566115025643,
            -840.7702118480239,
            -840.7543721691526,
            -840.7511580964454,
            -840.7636369784975,
            -840.7763105745079,
            -840.7441803415583,
            -840.7512243085021,
            -840.767494446893,
            -840.7463694954401,
            -840.7266552511347,
            -840.7287446770433,
            -840.7267542543366,
            -840.7619394528301,
            -840.7388524449949,
            -840.715863713549,
            -840.7381628780681,
            -840.7682031027364,
            -840.7687044377457,
            -840.7966081446248,
            -840.781304686095,
            -840.8062882390872,
            -840.7937755644226,
            -840.8161082943155,
            -840.7992569540531,
            -840.802568739322,
            -840.815361358008,
            -840.8160804085069,
            -840.7933545645257,
            -840.7992241220076,
            -840.7856842718418,
            -840.7879983246025,
            -840.7660021841644,
            -840.7746463597327,
            -840.7988339975518,
            -840.8134512110721,
            -840.7690022389729,
            -840.7560095050883,
            -840.7509225814689,
            -840.7456323145002,
            -840.761415333169,
            -840.7793256992617,
            -840.7480605973971,
            -840.7654840543865,
            -840.7811885603866,
            -840.7405122402804,
            -840.7131676182928,
            -840.7248801985774,
            -840.7429827540551,
            -840.6896950450104,
            -840.7303140597595,
            -840.7669495733394,
            -840.7755910195607,
            -840.7561783845432,
            -840.7413084955573,
            -840.7819269680086,
            -840.7385788461742,
            -840.7438828055807,
            -840.7320501355724,
            -840.7394509076117,
            -840.779934059341,
            -840.7832875759545,
            -840.7606480859556,
            -840.7590843022764,
            -840.744853925095,
            -840.762559725502,
            -840.7596855306723,
            -840.7323069628472,
            -840.7382690448333,
            -840.7168702481509,
            -840.70494714823,
            -840.7328203928477,
            -840.7403261993146,
            -840.7248679306872,
            -840.7417262384365,
            -840.7512855704468,
            -840.7646898738597,
            -840.7638632067135,
            -840.7411752857479,
            -840.7348551610615,
            -840.711250803345,
            -840.7482512431925,
            -840.742982294005,
            -840.7825546377375,
            -840.7496438125548,
            -840.7835449776582,
            -840.7767685075337,
            -840.7625215036984,
            -840.765122644129,
            -840.7439292159729,
            -840.6980281164315,
            -840.7630663128115,
            -840.7569401175078,
            -840.7469152920996,
            -840.748408432171,
            -840.7459429163579,
            -840.7290808224573,
            -840.7900400083608,
            -840.7718167393535,
            -840.7811301018859,
            -840.7479502221,
            -840.7717965158706,
            -840.7504334094796,
            -840.7433511662911,
            -840.723994627861,
            -840.7575309400263,
            -840.7729821546319,
            -840.7678364150505,
            -840.7924724581588,
            -840.7799783461558,
            -840.8032287933019,
            -840.8008849797143,
            -840.8164760336454,
            -840.7770075084226,
            -840.7480607787822,
            -840.7325819172737,
            -840.7823714416562,
            -840.7584192733725,
            -840.7653086178816,
            -840.7683664903075,
            -840.7501905049795,
            -840.737674437695,
            -840.7253137530837,
            -840.7333429502794,
            -840.7229761516077,
            -840.7141183460591,
            -840.7353510973086,
            -840.7277847719224,
            -840.7138436091286,
            -840.7546554806133,
            -840.7414700433255,
            -840.7839749197444,
            -840.7423721821245,
            -840.7553866815779,
            -840.7628057801234,
            -840.7789123293676,
            -840.781550096418,
            -840.8047635945118,
            -840.78044153633,
            -840.7776992387141,
            -840.7745056505663,
            -840.7874379652347,
            -840.7949304289992,
            -840.7642469731721
        ]
    },
    "local_energy_proxy": {
        "avg_time_sec": 1.363933,
        "model_weights_mb": 0.7731,
        "graph_batch_mb": 20.8125,
        "total_intrinsic_memory_mb": 21.5856
    }
}