{
    "N_atoms": 30,
    "backend": "GNN",
    "results": {
        "final_energy_ha": -688.410418,
        "final_error_ha": 0.04743,
        "raw_block_energies": [
            -686.99778901454,
            -687.3495454550336,
            -687.587847874916,
            -687.7351688493764,
            -687.8418960102822,
            -687.9011395617617,
            -687.9584820014146,
            -687.9968854274656,
            -688.0371977280025,
            -688.0669966183995,
            -688.1148793336191,
            -688.1459221512043,
            -688.1585328962285,
            -688.1814995309334,
            -688.1990351881674,
            -688.2326642165659,
            -688.2464191645831,
            -688.265842795376,
            -688.2609293451801,
            -688.3047900768319,
            -688.2908093782306,
            -688.3253902592896,
            -688.3250824627722,
            -688.3504607627285,
            -688.3684394794619,
            -688.3803983334922,
            -688.368158373919,
            -688.3913349397121,
            -688.4032290706882,
            -688.4253925075268,
            -688.4080799536799,
            -688.408488012571,
            -688.3850675473374,
            -688.4093128776448,
            -688.4097668047741,
            -688.3945509000247,
            -688.4039001708927,
            -688.4226794301045,
            -688.4767831055394,
            -688.4448784796245,
            -688.4296003891475,
            -688.4162056937683,
            -688.4335958428138,
            -688.4410223918591,
            -688.4197896789685,
            -688.414553167698,
            -688.4243951122938,
            -688.4159816984709,
            -688.4272848969359,
            -688.4355828369238,
            -688.412878296041,
            -688.4028320638884,
            -688.4377594791799,
            -688.4497018839896,
            -688.457645658386,
            -688.4614324225154,
            -688.4647531603408,
            -688.4700549057626,
            -688.475006520296,
            -688.5023064106015,
            -688.5107186941117,
            -688.4590092360434,
            -688.4845778969265,
            -688.4575321093672,
            -688.4782566836759,
            -688.4515981270863,
            -688.4680772100545,
            -688.4789372350732,
            -688.4523375816857,
            -688.4726744704489,
            -688.4995775199022,
            -688.4874257491298,
            -688.5318891734968,
            -688.5199648699795,
            -688.50340291045,
            -688.4966396062052,
            -688.4919983131737,
            -688.48395465135,
            -688.458408731265,
            -688.4437178633084,
            -688.4514995050503,
            -688.4380575696055,
            -688.4681980936356,
            -688.5048253741248,
            -688.502042935866,
            -688.5062214136012,
            -688.4856266617144,
            -688.4791528108319,
            -688.464306833519,
            -688.4587678589141,
            -688.4686229087177,
            -688.443559539992,
            -688.4351144913193,
            -688.4498464495989,
            -688.4243055683469,
            -688.4614504929493,
            -688.4931655707518,
            -688.5371944355039,
            -688.5037489006069,
            -688.4773114191337,
            -688.4965879115645,
            -688.4774588811141,
            -688.5396801150463,
            -688.5328657609282,
            -688.5268321351222,
            -688.540834473394,
            -688.5380241300653,
            -688.4822614890144,
            -688.4906536451426,
            -688.4718579569469,
            -688.4531672084399,
            -688.464939617297,
            -688.476232194818,
            -688.5072037702212,
            -688.4928858256192,
            -688.5193185162044,
            -688.4956291288938,
            -688.5003725177858,
            -688.4570453454224,
            -688.4948581273416,
            -688.4473430130216,
            -688.4646574250503,
            -688.4340884379021,
            -688.4796114783156,
            -688.4694596310455,
            -688.4721980116885,
            -688.4606065275663,
            -688.4573469613039,
            -688.4558634283985,
            -688.467624388353,
            -688.4877132527829,
            -688.4920528106009,
            -688.4836479205323,
            -688.4538405382644,
            -688.4530283322115,
            -688.4394226696096,
            -688.4562747569111,
            -688.4199334296229,
            -688.4434231636227,
            -688.4794038708033,
            -688.4799238336026,
            -688.4748601231294,
            -688.4590774108016,
            -688.4528993159723,
            -688.4605576491375,
            -688.4604957065476,
            -688.4699063738893,
            -688.4643111971749,
            -688.4988340647102,
            -688.469298479711,
            -688.5114312555439,
            -688.5194741855023,
            -688.5231408278431,
            -688.5079061800578,
            -688.5032593054345,
            -688.5276004229631,
            -688.5130991693856,
            -688.4675499998854,
            -688.44885039837,
            -688.4580338148467,
            -688.4358587417348,
            -688.4750304320692,
            -688.4851907577273,
            -688.4624880909532,
            -688.4694544098686,
            -688.4755776467961,
            -688.4805905252848,
            -688.46964473197,
            -688.472654754047,
            -688.48384541152,
            -688.4705505226232,
            -688.4661202685303,
            -688.4471227161648,
            -688.4733878963419,
            -688.4642204853556,
            -688.4724769168731,
            -688.4658856907013,
            -688.4785347427857,
            -688.5138676389372,
            -688.477458232023,
            -688.4801579291561,
            -688.4436779945133,
            -688.4461010221894,
            -688.4497717596732,
            -688.4573479607338,
            -688.4685530354592,
            -688.4673198890033,
            -688.4649418963393,
            -688.4896182661993,
            -688.4486366514622,
            -688.455192417742,
            -688.4454437648745,
            -688.4741189943784,
            -688.4713345158455,
            -688.4642922560575,
            -688.4945194516354,
            -688.4647703146023,
            -688.4678008731789,
            -688.4692520655125,
            -688.4505487529393,
            -688.4744261723945
        ]
    },
    "local_energy_proxy": {
        "avg_time_sec": 0.914817,
        "model_weights_mb": 0.5517,
        "graph_batch_mb": 14.5312,
        "total_intrinsic_memory_mb": 15.083
    }
}