{
    "N_atoms": 36,
    "backend": "Classical",
    "results": {
        "final_energy_ha": -840.76236,
        "final_error_ha": 0.025383,
        "raw_block_energies": [
            -839.1993571903795,
            -839.7031370583526,
            -840.0218435297169,
            -840.245489566727,
            -840.3975511553954,
            -840.5009543916201,
            -840.551501161664,
            -840.5869632287296,
            -840.6430482787831,
            -840.6759580038438,
            -840.6929813664258,
            -840.6875911311049,
            -840.715074312152,
            -840.7539093518646,
            -840.7720463329117,
            -840.7507424975248,
            -840.7598086019241,
            -840.7578329803408,
            -840.7654967221778,
            -840.7616087952896,
            -840.7627851546908,
            -840.768783272217,
            -840.74486684468,
            -840.7427909305197,
            -840.7552207885301,
            -840.7798024607841,
            -840.7797647824888,
            -840.7772186757701,
            -840.7500436097099,
            -840.7590511495205,
            -840.7886469499379,
            -840.7930284418296,
            -840.783029022593,
            -840.8029474266934,
            -840.8284300061083,
            -840.8088604944654,
            -840.8298120035341,
            -840.8196536199898,
            -840.8447873740474,
            -840.8358508434734,
            -840.788754256734,
            -840.7651163696765,
            -840.7628620756199,
            -840.7631728641351,
            -840.782272194743,
            -840.82030192495,
            -840.8021156169319,
            -840.8059582950073,
            -840.8081435638777,
            -840.794405826374,
            -840.8181760930798,
            -840.7996961388291,
            -840.8086295688689,
            -840.8386225119684,
            -840.8295282242971,
            -840.8103872279436,
            -840.8175649717087,
            -840.8160130827879,
            -840.8109430008044,
            -840.8091936980501,
            -840.834621314339,
            -840.855852537485,
            -840.8150810966497,
            -840.7832149091022,
            -840.7927930922446,
            -840.7727832793128,
            -840.7599197426434,
            -840.8023254038943,
            -840.8151623359136,
            -840.8014057941577,
            -840.7963738937304,
            -840.7920472508458,
            -840.7996274661982,
            -840.7902330489726,
            -840.7905752798956,
            -840.8052062361221,
            -840.8392011565995,
            -840.8186912440523,
            -840.8126696258705,
            -840.7866024349603,
            -840.8022775636069,
            -840.7754928065731,
            -840.7985146572984,
            -840.8267399385451,
            -840.8396707710906,
            -840.8186422906261,
            -840.8492621915278,
            -840.8226846975502,
            -840.8025686514858,
            -840.8097694527612,
            -840.8136506978266,
            -840.8153260231592,
            -840.8077792666861,
            -840.814015519329,
            -840.7851403243149,
            -840.8024221844694,
            -840.8042721253456,
            -840.80009324439,
            -840.789229213183,
            -840.7953683610824,
            -840.8287838639595,
            -840.8120651401885,
            -840.790771071112,
            -840.7783015856751,
            -840.784605374492,
            -840.7838067715043,
            -840.7872892139673,
            -840.7666721295304,
            -840.7691935566548,
            -840.7968700327035,
            -840.8205004429883,
            -840.7936987531866,
            -840.812973035157,
            -840.8012518345046,
            -840.7976490116329,
            -840.8355321442467,
            -840.8171123339791,
            -840.8214900957292,
            -840.8217807244652,
            -840.8105172452128,
            -840.7987335843703,
            -840.7669630722329,
            -840.8040838737588,
            -840.775990916679,
            -840.7777820409993,
            -840.7983555480096,
            -840.7553377492469,
            -840.7524087959613,
            -840.7541967799272,
            -840.7839104083414,
            -840.7827953553701,
            -840.8142430081355,
            -840.7693212601155,
            -840.7613305019066,
            -840.7553501802777,
            -840.7570818216096,
            -840.7612377833543,
            -840.7502516426985,
            -840.7748444495383,
            -840.7678115482927,
            -840.7833548381567,
            -840.8059076169416,
            -840.7636799013574,
            -840.781803548038,
            -840.7856271743286,
            -840.7768078804359,
            -840.7779911982103,
            -840.7565734870209,
            -840.7706548790005,
            -840.7924949777366,
            -840.7696991241706,
            -840.7932268890103,
            -840.8038966449907,
            -840.8116860964589,
            -840.8102941024491,
            -840.782285494151,
            -840.7844618329191,
            -840.7981203336791,
            -840.8344788050406,
            -840.7908168085224,
            -840.7964845203965,
            -840.7964711411319,
            -840.8377204520411,
            -840.8072065513593,
            -840.7587085785327,
            -840.7528203582793,
            -840.7673679644521,
            -840.7843467690207,
            -840.780606888436,
            -840.764956274913,
            -840.7611549120494,
            -840.7812029677337,
            -840.7974437162417,
            -840.7840665208445,
            -840.7595796209135,
            -840.7533962388569,
            -840.7866149805673,
            -840.7723263430818,
            -840.7626146519772,
            -840.7683485668996,
            -840.7724756916548,
            -840.7846303222642,
            -840.7958251316214,
            -840.7697138575581,
            -840.7754321128385,
            -840.7758861256327,
            -840.7789223842628,
            -840.7809870225076,
            -840.7835345812136,
            -840.7849374296218,
            -840.7781521952685,
            -840.7567156176644,
            -840.7581476656942,
            -840.797640139327,
            -840.7781499847524,
            -840.7834987740562,
            -840.7814271245363,
            -840.8028609556573,
            -840.7964528643358,
            -840.8028226438445,
            -840.794494869764
        ]
    },
    "local_energy_proxy": {
        "avg_time_sec": 46.44444,
        "cholesky_and_h1_mb": 75.6647,
        "total_intrinsic_memory_mb": 75.6647
    }
}