{
    "N_atoms": 36,
    "backend": "GNN",
    "results": {
        "final_energy_ha": -840.348532,
        "final_error_ha": 0.02802,
        "raw_block_energies": [
            -839.4060525451613,
            -839.6091211169448,
            -839.7519520615897,
            -839.8645017176973,
            -839.9448560343915,
            -840.0130584892983,
            -840.061726599372,
            -840.0947895833564,
            -840.1272903951902,
            -840.1635398739888,
            -840.1782028727328,
            -840.1935493823353,
            -840.2105325270234,
            -840.2328163728129,
            -840.2686683964549,
            -840.273989921835,
            -840.3010793218806,
            -840.2973236363711,
            -840.3252472292222,
            -840.3290526939332,
            -840.320315635213,
            -840.329713292429,
            -840.3400354816944,
            -840.3459863281273,
            -840.3624390031686,
            -840.3580595794637,
            -840.3522452518439,
            -840.3484904005545,
            -840.3415591772258,
            -840.3430282321071,
            -840.3340640572758,
            -840.3316193484004,
            -840.3212590718931,
            -840.3537598074269,
            -840.3800202592973,
            -840.3707176963305,
            -840.3632781039993,
            -840.3788953257049,
            -840.3573370448541,
            -840.3413564825182,
            -840.3313959806527,
            -840.3575969528493,
            -840.3379531587155,
            -840.3703888857049,
            -840.3925004096909,
            -840.424884448366,
            -840.4073926037205,
            -840.4166491391212,
            -840.4324181131625,
            -840.4110895144602,
            -840.3905190015927,
            -840.3699481190858,
            -840.3620203058302,
            -840.3533788651043,
            -840.3490386088093,
            -840.3592016152652,
            -840.3524143495158,
            -840.3656514855955,
            -840.3669047490841,
            -840.3567047282086,
            -840.3274010131005,
            -840.3190856973031,
            -840.3407394296228,
            -840.3395224506288,
            -840.3469769010395,
            -840.3383805398995,
            -840.3399219466874,
            -840.3411186630789,
            -840.3613021592892,
            -840.3429177996103,
            -840.3456971078804,
            -840.3478540270194,
            -840.3535462804697,
            -840.3602893474556,
            -840.3663989310664,
            -840.3587570549009,
            -840.3637183984998,
            -840.4032253124254,
            -840.410010355351,
            -840.4196832363865,
            -840.45539236419,
            -840.4513311292073,
            -840.4451312189457,
            -840.4466676662435,
            -840.4493110038512,
            -840.4563874752257,
            -840.4527137151825,
            -840.4287620134212,
            -840.4366935854382,
            -840.4190019100915,
            -840.404451167247,
            -840.3980156588536,
            -840.3884898953971,
            -840.3849186635852,
            -840.3881168357454,
            -840.3947870606086,
            -840.3883981912123,
            -840.3990452421758,
            -840.4087261076864,
            -840.396511243131,
            -840.4150050192835,
            -840.4126899581332,
            -840.402530107073,
            -840.385109243688,
            -840.4045378850869,
            -840.4256320447845,
            -840.4030596529888,
            -840.3845503480765,
            -840.3874059391968,
            -840.4085391980682,
            -840.3990078836678,
            -840.382667978864,
            -840.3724358551676,
            -840.35828816978,
            -840.3560437594043,
            -840.3548405635823,
            -840.3677340852712,
            -840.3925758767334,
            -840.4027391015651,
            -840.3978195190322,
            -840.403650974017,
            -840.3973602571632,
            -840.4163173132596,
            -840.3837338077838,
            -840.3769601030075,
            -840.3722328681285,
            -840.3569321668456,
            -840.3452814451412,
            -840.3654648473195,
            -840.3858514545763,
            -840.3686187672747,
            -840.3846261254928,
            -840.3822329343036,
            -840.3786138550272,
            -840.3661741028784,
            -840.3628964704808,
            -840.363063978117,
            -840.3557434562588,
            -840.357490196777,
            -840.359988346714,
            -840.3897492836147,
            -840.3742362101914,
            -840.3563099223323,
            -840.3696542607822,
            -840.3639158348226,
            -840.3762339975237,
            -840.3818519641948,
            -840.3661651201272,
            -840.3741030600759,
            -840.3644917956323,
            -840.3560741192873,
            -840.3661715213609,
            -840.3658000998635,
            -840.3705490109522,
            -840.3746224615393,
            -840.3787016728421,
            -840.3816868705755,
            -840.3695470575548,
            -840.3619534024022,
            -840.3874259392115,
            -840.3797543314091,
            -840.3797166449476,
            -840.4006227547809,
            -840.3928561541146,
            -840.3833276620184,
            -840.391235519697,
            -840.3696517536341,
            -840.374318577324,
            -840.38066699496,
            -840.3709958565275,
            -840.3775180511118,
            -840.3870439437438,
            -840.3773548113047,
            -840.374702280918,
            -840.3562126005169,
            -840.374771895508,
            -840.3939540822399,
            -840.3980934357726,
            -840.3905127866993,
            -840.3933487274248,
            -840.3835062540401,
            -840.3831376496692,
            -840.3969320344268,
            -840.403629395754,
            -840.397336669249,
            -840.3800038317994,
            -840.3848876377288,
            -840.3678945097939,
            -840.3789780152099,
            -840.3967168253457,
            -840.3959570821197,
            -840.3900740152206,
            -840.378327453542,
            -840.3914988710978,
            -840.3977684194982,
            -840.4112647005334,
            -840.4476769937226,
            -840.4411853594554,
            -840.3990828867732,
            -840.3982140994817,
            -840.3954249469517
        ]
    },
    "local_energy_proxy": {
        "avg_time_sec": 1.157733,
        "model_weights_mb": 0.0584,
        "graph_batch_mb": 20.5312,
        "total_intrinsic_memory_mb": 20.5896
    }
}