{
    "N_atoms": 24,
    "backend": "GNN",
    "results": {
        "final_energy_ha": -535.772316,
        "final_error_ha": 0.031178,
        "raw_block_energies": [
            -534.6757306493945,
            -534.9703542205643,
            -535.15354017367,
            -535.268493888934,
            -535.3369820230939,
            -535.3960445487218,
            -535.4458803517608,
            -535.4884013536788,
            -535.5061579143406,
            -535.5305771420744,
            -535.5524758697824,
            -535.5868622313183,
            -535.6074300942159,
            -535.6311203601103,
            -535.6672848260796,
            -535.6659919591821,
            -535.702127074124,
            -535.677063028564,
            -535.6765388519207,
            -535.7001251204466,
            -535.7161529811794,
            -535.7070553011592,
            -535.7178400181243,
            -535.7317972249755,
            -535.7188435611753,
            -535.748013657484,
            -535.7383327227262,
            -535.7369353241559,
            -535.7421633551859,
            -535.7188115341231,
            -535.7554845060656,
            -535.7421043773342,
            -535.7574608611282,
            -535.7602293119855,
            -535.7987791561538,
            -535.7880654665563,
            -535.7758590347884,
            -535.770232332296,
            -535.7684827571759,
            -535.7712895414014,
            -535.8001807504002,
            -535.7889389294414,
            -535.7944313262972,
            -535.7897410371811,
            -535.8072015707048,
            -535.8075609376056,
            -535.7993353012963,
            -535.7962942716371,
            -535.7788331848827,
            -535.7936353434145,
            -535.8096659799168,
            -535.8247579146453,
            -535.831342837711,
            -535.8281920690555,
            -535.834770111064,
            -535.8246295519241,
            -535.8256260039971,
            -535.8486205954014,
            -535.8562741733406,
            -535.8828322937647,
            -535.8664627686152,
            -535.8552719750346,
            -535.8713114743498,
            -535.8406880941861,
            -535.847649296064,
            -535.8645692471343,
            -535.8582883035307,
            -535.8431471010099,
            -535.8259758484855,
            -535.8318747149293,
            -535.8155175869206,
            -535.8144157504936,
            -535.8064177835603,
            -535.8052993740305,
            -535.7905857077806,
            -535.792389755867,
            -535.8129066044612,
            -535.7963819084663,
            -535.8026088207206,
            -535.808308823544,
            -535.8378776287614,
            -535.8381350276716,
            -535.8399143281114,
            -535.8408033890113,
            -535.8037709269313,
            -535.8206563411359,
            -535.812694460609,
            -535.8085303507265,
            -535.7922192572504,
            -535.8129211752072,
            -535.8126748110506,
            -535.802342150451,
            -535.8210947147564,
            -535.7936718298138,
            -535.7856163362867,
            -535.8164986793668,
            -535.8077203258919,
            -535.8371788909451,
            -535.8159035039081,
            -535.809612124446,
            -535.8439168113146,
            -535.8477599471281,
            -535.8470243081101,
            -535.8477978946402,
            -535.8304945694347,
            -535.794629922821,
            -535.7938765858491,
            -535.7846644495075,
            -535.7980626327019,
            -535.8063502199802,
            -535.8252245794218,
            -535.8125304391062,
            -535.8128602492086,
            -535.8121708392671,
            -535.7898526944242,
            -535.7954659005244,
            -535.79814222644,
            -535.8140159500969,
            -535.8136676569923,
            -535.797933551809,
            -535.7797242887738,
            -535.7612829679684,
            -535.7714542175055,
            -535.7593809519276,
            -535.7798829566186,
            -535.7777567105597,
            -535.7799276693102,
            -535.8212839320697,
            -535.8211221376465,
            -535.8455746713724,
            -535.8504569375131,
            -535.8094296699853,
            -535.8296089818105,
            -535.8302022038638,
            -535.8387018832472,
            -535.8451517735945,
            -535.8058050512561,
            -535.8108800481318,
            -535.8095480352308,
            -535.7909215313914,
            -535.8115717535827,
            -535.7894547674878,
            -535.7814623590928,
            -535.8151236092679,
            -535.8234304574977,
            -535.8226726334467,
            -535.8508941002594,
            -535.847001955608,
            -535.8310987965607,
            -535.816741404356,
            -535.8554552044533,
            -535.8140927485213,
            -535.7959672478863,
            -535.8061095328982,
            -535.7968188638887,
            -535.8025624063758,
            -535.8277138771668,
            -535.7966416528195,
            -535.8022520779953,
            -535.8182071622966,
            -535.8332236654062,
            -535.8385063043928,
            -535.8282202338457,
            -535.818212838161,
            -535.8372978984091,
            -535.7977973089062,
            -535.7990314620881,
            -535.810652710493,
            -535.8187356461426,
            -535.8329747560854,
            -535.8544163043061,
            -535.8136496546654,
            -535.8226360524062,
            -535.8135723478294,
            -535.8063066555811,
            -535.8075966134351,
            -535.827575452853,
            -535.8268852120016,
            -535.8052520217425,
            -535.824702178334,
            -535.820655805876,
            -535.8095320434007,
            -535.8215859561254,
            -535.8054440368016,
            -535.806213837178,
            -535.7972036222438,
            -535.8151164825534,
            -535.7877232510053,
            -535.7773957398455,
            -535.7782999083673,
            -535.7954020933371,
            -535.786952609629,
            -535.7983942722774,
            -535.8132412043851,
            -535.8244134729373,
            -535.8191524992028,
            -535.8239677722988,
            -535.8117319301779,
            -535.8080540352008,
            -535.8074692086631,
            -535.7911708578553
        ]
    },
    "local_energy_proxy": {
        "avg_time_sec": 0.495974,
        "model_weights_mb": 0.2482,
        "graph_batch_mb": 9.375,
        "total_intrinsic_memory_mb": 9.6232
    }
}