{
    "N_atoms": 24,
    "backend": "GNN",
    "results": {
        "final_energy_ha": -535.699378,
        "final_error_ha": 0.026816,
        "raw_block_energies": [
            -534.8295334580866,
            -535.0069486937492,
            -535.1325984144304,
            -535.231784107587,
            -535.309085580281,
            -535.373704634423,
            -535.4260646016186,
            -535.4657478021048,
            -535.496404544438,
            -535.515072781499,
            -535.5397206330481,
            -535.5674559351147,
            -535.570932147663,
            -535.5894148352528,
            -535.6117133166351,
            -535.6222819016582,
            -535.640296528498,
            -535.6334569917486,
            -535.6369333094782,
            -535.6515902589832,
            -535.6514118014479,
            -535.6526564899744,
            -535.6625546943565,
            -535.6676548884637,
            -535.6587653385141,
            -535.670593188575,
            -535.6728871080205,
            -535.6664793926203,
            -535.6635621351144,
            -535.6587040757062,
            -535.6778390044324,
            -535.6856910362256,
            -535.703513491677,
            -535.6999292933434,
            -535.7264919932136,
            -535.6952217187566,
            -535.6643583925172,
            -535.6692906281095,
            -535.662516221077,
            -535.6704740507894,
            -535.671021700483,
            -535.6802722717806,
            -535.6856311964158,
            -535.6929942104038,
            -535.6795567011491,
            -535.6876543118128,
            -535.6989151743628,
            -535.6992330456618,
            -535.7108322839658,
            -535.7029104918479,
            -535.735317706264,
            -535.7457797848871,
            -535.7742913809241,
            -535.7779355714796,
            -535.7445580239695,
            -535.7547105786748,
            -535.767614447535,
            -535.7677997028948,
            -535.7659865225637,
            -535.7517797678514,
            -535.7450391111486,
            -535.7403681634275,
            -535.7548360365996,
            -535.7500581792067,
            -535.7578884437231,
            -535.753637806886,
            -535.7443464721443,
            -535.7472469137117,
            -535.7361166761572,
            -535.7344821396388,
            -535.7200606291722,
            -535.7278010495342,
            -535.7392665640854,
            -535.7389947738611,
            -535.7420328982009,
            -535.7379052981387,
            -535.7564429342616,
            -535.7358646193397,
            -535.7368570303222,
            -535.7508504470869,
            -535.76625939568,
            -535.7705619717676,
            -535.772694789366,
            -535.7621163673998,
            -535.7401714998967,
            -535.7556051617651,
            -535.7451434679257,
            -535.7440386193018,
            -535.7366851535297,
            -535.7259828506454,
            -535.7185886920978,
            -535.7119287061945,
            -535.70889912357,
            -535.7083966659889,
            -535.7160362145726,
            -535.7120648131331,
            -535.7224633589012,
            -535.7505605553532,
            -535.7464804526193,
            -535.7581994764001,
            -535.7775248187936,
            -535.7796761811884,
            -535.7780867977617,
            -535.777589543469,
            -535.7719485492194,
            -535.7597846661489,
            -535.7449007700176,
            -535.7347423130061,
            -535.7312320595786,
            -535.743125631939,
            -535.7384564627333,
            -535.7343184899643,
            -535.7267296487508,
            -535.7142516326522,
            -535.7357517225581,
            -535.7369544430672,
            -535.7436030078809,
            -535.7666070914959,
            -535.7743882705246,
            -535.7616444525661,
            -535.7605816059302,
            -535.7350274930413,
            -535.7162456148969,
            -535.7490258697417,
            -535.7302547484024,
            -535.7153781672134,
            -535.7120852210835,
            -535.7295002278028,
            -535.7292387146414,
            -535.7315377350654,
            -535.7503117179295,
            -535.7393898977392,
            -535.7472913846532,
            -535.7533622126008,
            -535.7442245584497,
            -535.7424468068378,
            -535.7385259885938,
            -535.7280075697151,
            -535.7095125716139,
            -535.6991048192024,
            -535.6988492025272,
            -535.67870109674,
            -535.6778312829472,
            -535.6904997019379,
            -535.7265130528448,
            -535.7088346512148,
            -535.6981024887707,
            -535.7070529303496,
            -535.699268138813,
            -535.712536931791,
            -535.7397758784937,
            -535.7350463357866,
            -535.7358668159048,
            -535.7190271696313,
            -535.7306632500251,
            -535.7270558214175,
            -535.734602625077,
            -535.743458460627,
            -535.7518211550213,
            -535.7630885946047,
            -535.7672980508738,
            -535.7572504589863,
            -535.7408088644491,
            -535.7333272642002,
            -535.7393035076147,
            -535.7271907024568,
            -535.7340002288703,
            -535.7283851661072,
            -535.742172774466,
            -535.7454742197414,
            -535.7609265110283,
            -535.7488775711727,
            -535.725435614756,
            -535.7169939874263,
            -535.7463535233447,
            -535.7498119628399,
            -535.7666829616644,
            -535.7766661829908,
            -535.7405963948113,
            -535.7418334561339,
            -535.7361875174079,
            -535.7377919775968,
            -535.739064813004,
            -535.7416283796855,
            -535.7323775176205,
            -535.7252432435204,
            -535.7329147242571,
            -535.7194119828695,
            -535.716087764315,
            -535.7160813269065,
            -535.7311777464417,
            -535.725345215342,
            -535.7389973834016,
            -535.7266677112568,
            -535.7513995834969,
            -535.7445169746522,
            -535.7442662643896,
            -535.7208511269113,
            -535.7436725570501,
            -535.7268398413795,
            -535.7065338847243
        ]
    },
    "local_energy_proxy": {
        "avg_time_sec": 0.384697,
        "model_weights_mb": 0.0584,
        "graph_batch_mb": 9.1875,
        "total_intrinsic_memory_mb": 9.2459
    }
}