{
    "N_atoms": 24,
    "backend": "Classical",
    "results": {
        "final_energy_ha": -535.668449,
        "final_error_ha": 0.015033,
        "raw_block_energies": [
            -534.6750809227624,
            -534.9932389644017,
            -535.2004621775615,
            -535.3466914931699,
            -535.4394628363559,
            -535.5030622413638,
            -535.5501918116067,
            -535.5782087078587,
            -535.5950673944492,
            -535.6115158066798,
            -535.6213939580133,
            -535.6550979145337,
            -535.6638117198597,
            -535.6696101260629,
            -535.6815086839466,
            -535.6708860067369,
            -535.67919075666,
            -535.6906618770882,
            -535.7525840364727,
            -535.7191826270371,
            -535.6996453347946,
            -535.689364512374,
            -535.708535855559,
            -535.7062027828853,
            -535.6929017405114,
            -535.69585007427,
            -535.7052741270707,
            -535.7104065264791,
            -535.7222169256127,
            -535.6938012873825,
            -535.7006431974319,
            -535.7166711038022,
            -535.7126820605396,
            -535.6940691355595,
            -535.7145426048461,
            -535.7070077582514,
            -535.6928360273791,
            -535.6965251301393,
            -535.6887694609192,
            -535.6810917283923,
            -535.6924086990024,
            -535.672768915808,
            -535.6875691857812,
            -535.7199962322611,
            -535.7098424424819,
            -535.7185758697838,
            -535.7207328021975,
            -535.7001250428232,
            -535.6799589270983,
            -535.6824667900067,
            -535.7022461799656,
            -535.6891213865016,
            -535.7012342120016,
            -535.7144221838237,
            -535.6917856139025,
            -535.6897358811232,
            -535.7207972807555,
            -535.7255268482382,
            -535.7125589922755,
            -535.6828228906196,
            -535.6910895492995,
            -535.6898924207626,
            -535.7050475950342,
            -535.692763417205,
            -535.6966874058852,
            -535.7132937433548,
            -535.6987061069807,
            -535.6750496455853,
            -535.693336115853,
            -535.6944885327339,
            -535.6501447325221,
            -535.6561101349682,
            -535.6646513042703,
            -535.6625822945489,
            -535.6522112638919,
            -535.6733048667289,
            -535.6993325518804,
            -535.6733057549178,
            -535.658846954897,
            -535.6858924938978,
            -535.7026067191788,
            -535.7088792932782,
            -535.6977611657401,
            -535.684950490586,
            -535.6751134752151,
            -535.679714896978,
            -535.7090316284142,
            -535.7107435846514,
            -535.7294449992773,
            -535.7103364898425,
            -535.6909151857851,
            -535.7038951921174,
            -535.7013322542851,
            -535.7118946092312,
            -535.7325879499125,
            -535.6971380948634,
            -535.6863971764205,
            -535.6972303291096,
            -535.6615029040048,
            -535.6610900992962,
            -535.6617122932971,
            -535.6750977731033,
            -535.6925956721307,
            -535.6927279391127,
            -535.6680429644684,
            -535.6468190138766,
            -535.655793156685,
            -535.6592266749882,
            -535.6786930102826,
            -535.7163182613416,
            -535.7063484328243,
            -535.6780079020251,
            -535.6649396377248,
            -535.6766674928,
            -535.6815321674004,
            -535.6887144561546,
            -535.6895014179794,
            -535.6778634968757,
            -535.6984334465752,
            -535.6648307239011,
            -535.6790441983636,
            -535.6737719819266,
            -535.6655133992604,
            -535.6710710531185,
            -535.6964192686032,
            -535.6915307031661,
            -535.6946373161331,
            -535.6822703655547,
            -535.6819570416543,
            -535.6920070548767,
            -535.6987406406623,
            -535.6766144361794,
            -535.6584695960404,
            -535.6834473267869,
            -535.6713965606231,
            -535.6861092465983,
            -535.7056835910169,
            -535.6910520114857,
            -535.6990536179078,
            -535.7017926158352,
            -535.6741087791472,
            -535.6637516592476,
            -535.647591712526,
            -535.6478416189965,
            -535.6775188558416,
            -535.6576234379498,
            -535.6606401905166,
            -535.6772542431083,
            -535.6797231621653,
            -535.6782541112186,
            -535.7118551550088,
            -535.6771835546474,
            -535.6599331990269,
            -535.657564414167,
            -535.714168354249,
            -535.6985513833315,
            -535.6856613891498,
            -535.6900849270945,
            -535.6932977714683,
            -535.6906840584052,
            -535.6977193823287,
            -535.6850522801258,
            -535.7104977358937,
            -535.6978468825349,
            -535.6754673746589,
            -535.6728782475799,
            -535.661197196698,
            -535.6582962318108,
            -535.6526791698176,
            -535.6616453558012,
            -535.6763781110566,
            -535.6702684617329,
            -535.6547883504488,
            -535.6626889952063,
            -535.6846229190169,
            -535.7042375056392,
            -535.6669132811401,
            -535.7033197010437,
            -535.6983921308804,
            -535.6679220133891,
            -535.6633072679351,
            -535.6820045518549,
            -535.6899947906461,
            -535.6895970897758,
            -535.6857038009903,
            -535.6778159947426,
            -535.6739714942407,
            -535.6735642753581,
            -535.6718942723238,
            -535.6624107503536,
            -535.658021546319,
            -535.6401218794708,
            -535.6699723206813,
            -535.6552600145512,
            -535.6674082710036,
            -535.6754332367259,
            -535.6610550383112,
            -535.6549951350097,
            -535.6669760804806,
            -535.6668104320232,
            -535.6581908187242
        ]
    },
    "local_energy_proxy": {
        "avg_time_sec": 7.43191,
        "cholesky_and_h1_mb": 20.166,
        "total_intrinsic_memory_mb": 20.166
    }
}