{
    "N_atoms": 12,
    "backend": "GNN",
    "results": {
        "final_energy_ha": -230.58239,
        "final_error_ha": 0.011595,
        "raw_block_energies": [
            -230.19978673375473,
            -230.27068229076403,
            -230.32033918552207,
            -230.36225349436245,
            -230.39474904894286,
            -230.42411535880407,
            -230.44105346447884,
            -230.46857084340357,
            -230.48416447262684,
            -230.50200325663502,
            -230.5139509875549,
            -230.5231554510205,
            -230.52706321670635,
            -230.5306331544677,
            -230.54438129186084,
            -230.54782717079968,
            -230.5539637991659,
            -230.56075418021413,
            -230.56383617263623,
            -230.5721473539509,
            -230.57263531407318,
            -230.5769495633102,
            -230.57584327968559,
            -230.57977769836845,
            -230.5815322359822,
            -230.58466732921949,
            -230.57793696407992,
            -230.58015730090793,
            -230.5833711094612,
            -230.59656228912093,
            -230.59535292982815,
            -230.59437340491095,
            -230.5992544733636,
            -230.5938319961575,
            -230.59228945482033,
            -230.60137610456144,
            -230.59783642121187,
            -230.59959677894693,
            -230.59729762217015,
            -230.60093798731083,
            -230.59848458383354,
            -230.5996932231616,
            -230.59161492500638,
            -230.60234797804935,
            -230.59654306585176,
            -230.59898617095956,
            -230.59813256343537,
            -230.59021018538738,
            -230.58833756560173,
            -230.60049727715193,
            -230.6041486286312,
            -230.6011439062173,
            -230.60175273279333,
            -230.60010162860135,
            -230.60219786730792,
            -230.6019209410926,
            -230.60420498875789,
            -230.60212745082367,
            -230.60152374877364,
            -230.60369131449667,
            -230.59488510361734,
            -230.5980552711908,
            -230.60891161171156,
            -230.60893680272466,
            -230.60902919747437,
            -230.59836294883004,
            -230.60380776715175,
            -230.6008607484802,
            -230.60647829332706,
            -230.6092496054324,
            -230.60938719954308,
            -230.59732546296388,
            -230.59716457146112,
            -230.59797434818435,
            -230.5905885735963,
            -230.59227669225555,
            -230.595303700684,
            -230.58545445334664,
            -230.58959116564233,
            -230.57960995178007,
            -230.58240610500005,
            -230.5921848473336,
            -230.5826451146265,
            -230.58854943133574,
            -230.59155081095653,
            -230.5893512344682,
            -230.5853451108195,
            -230.5886468672018,
            -230.59322807327314,
            -230.5916624822484,
            -230.59174348597628,
            -230.58668917688925,
            -230.58386862609063,
            -230.58754778058352,
            -230.58288971114746,
            -230.58358835450082,
            -230.58270586876745,
            -230.57748839546554,
            -230.58197553124558,
            -230.58336435401407,
            -230.58057871288065,
            -230.5862013460902,
            -230.59769149713932,
            -230.60113141781903,
            -230.59258507135436,
            -230.5940378289502,
            -230.60015279323505,
            -230.5961286278481,
            -230.59652464744872,
            -230.5987620653832,
            -230.60894357249424,
            -230.59784227070253,
            -230.58435406293142,
            -230.5835970484405,
            -230.57714818103292,
            -230.57983403145337,
            -230.57195625863463,
            -230.59175207121288,
            -230.58752513656924,
            -230.58457743203917,
            -230.59145913266715,
            -230.59400463294043,
            -230.58996917813514,
            -230.58933837570433,
            -230.58460828639932,
            -230.59079190444908,
            -230.5948371402107,
            -230.59403918233562,
            -230.58931674391954,
            -230.5917285442334,
            -230.58014737151657,
            -230.5821389765067,
            -230.59230093866597,
            -230.57941785380746,
            -230.57783337519004,
            -230.5803050561621,
            -230.58390960296117,
            -230.5831119702224,
            -230.5831278018445,
            -230.58879756952888,
            -230.5932433719106,
            -230.59913415640833,
            -230.60832326068416,
            -230.60597945090802,
            -230.60607324480995,
            -230.60867532526515,
            -230.60388901811842,
            -230.61378784974278,
            -230.60153105466242,
            -230.5902443051611,
            -230.59462565367517,
            -230.5971047156047,
            -230.6103685859495,
            -230.60010121820508,
            -230.59277605878532,
            -230.60612067645891,
            -230.61216866637983,
            -230.62077653183093,
            -230.62583346980657,
            -230.62077374996497,
            -230.6198619252506,
            -230.6200038825251,
            -230.61471642590632,
            -230.61212128218222,
            -230.60910508345353,
            -230.60793792965586,
            -230.60826748755954,
            -230.6108403685842,
            -230.60693718644762,
            -230.61688215803383,
            -230.61144097948375,
            -230.6053917607965,
            -230.60230940278376,
            -230.58728845785697,
            -230.5915877733675,
            -230.58692340789094,
            -230.59453480476134,
            -230.5948235658782,
            -230.60969453851104,
            -230.60465456496527,
            -230.60643626810685,
            -230.61125204352376,
            -230.60002329554368,
            -230.59262546289042,
            -230.6005442474776,
            -230.60718460944358,
            -230.60757160256273,
            -230.61061562490735,
            -230.60345499954838,
            -230.60183304720408,
            -230.59662564301766,
            -230.60318643054146,
            -230.60579519000078,
            -230.60601478982528,
            -230.616850838709,
            -230.6127881353171,
            -230.60515772986275,
            -230.60613195764563,
            -230.6057448826156,
            -230.60626533832638,
            -230.6061560591239
        ]
    },
    "local_energy_proxy": {
        "avg_time_sec": 0.078204,
        "model_weights_mb": 0.0584,
        "graph_batch_mb": 2.3438,
        "total_intrinsic_memory_mb": 2.4021
    }
}