{
    "N_atoms": 12,
    "backend": "Classical",
    "results": {
        "final_energy_ha": -230.561007,
        "final_error_ha": 0.006697,
        "raw_block_energies": [
            -230.12873280673784,
            -230.26991168440034,
            -230.362427697007,
            -230.42276173737378,
            -230.45984377546878,
            -230.48467248991176,
            -230.49739747007987,
            -230.5112138110038,
            -230.51874579313534,
            -230.53650944709335,
            -230.54198525347903,
            -230.54801267585495,
            -230.5465622063421,
            -230.55886013398592,
            -230.55854486605978,
            -230.56164179021613,
            -230.56496009591237,
            -230.58702384330164,
            -230.5773447897759,
            -230.57189445974603,
            -230.57434804951197,
            -230.5791245006757,
            -230.5675533451997,
            -230.57325466866146,
            -230.57515152809265,
            -230.56813939503934,
            -230.55998065844852,
            -230.57874653011083,
            -230.58126139229648,
            -230.5819719283237,
            -230.5784678093763,
            -230.59909512221031,
            -230.58583386898772,
            -230.58601731661756,
            -230.60042879387055,
            -230.58636831476733,
            -230.58326277435924,
            -230.58319009132785,
            -230.5820256494437,
            -230.59841975643434,
            -230.58324317546854,
            -230.58479991881862,
            -230.56827286433833,
            -230.57063574621571,
            -230.56686782217412,
            -230.5694421623121,
            -230.569667252301,
            -230.57434424691124,
            -230.5615036620481,
            -230.5688275602368,
            -230.5798993988161,
            -230.58119284885782,
            -230.5827353183831,
            -230.57880229256074,
            -230.57416783313366,
            -230.57452468111796,
            -230.58233118790827,
            -230.56799131654407,
            -230.5738523936658,
            -230.56984576212005,
            -230.56698896002587,
            -230.5639795149754,
            -230.56402403478955,
            -230.5635808843016,
            -230.574068437417,
            -230.56269275212213,
            -230.56859719529,
            -230.56990342980058,
            -230.57919482926167,
            -230.57573561882631,
            -230.56630091587996,
            -230.56294356004202,
            -230.55157832649076,
            -230.55485542344914,
            -230.5616936867246,
            -230.56943874664995,
            -230.57121004062168,
            -230.56656318868926,
            -230.56097254848973,
            -230.5422864533252,
            -230.5573872840693,
            -230.55263718501573,
            -230.5381267717609,
            -230.54544684875268,
            -230.54759963957363,
            -230.54618951883668,
            -230.54472278410208,
            -230.55468301612086,
            -230.56008087591837,
            -230.56665588419668,
            -230.56444350452807,
            -230.5643771611903,
            -230.54914963219412,
            -230.56142179469015,
            -230.56825740983012,
            -230.5695808882985,
            -230.57379501138763,
            -230.56826091484538,
            -230.57219384428728,
            -230.56300057155315,
            -230.57767457918953,
            -230.58361181712945,
            -230.55851236179603,
            -230.56104364636317,
            -230.5603014968596,
            -230.56630053858822,
            -230.57093048004825,
            -230.5584473080302,
            -230.55230678308368,
            -230.55916260510998,
            -230.56096079926013,
            -230.5709176133836,
            -230.55644506082572,
            -230.55521621164067,
            -230.5548045312172,
            -230.5550686345977,
            -230.56575240780813,
            -230.57900558769322,
            -230.579686409262,
            -230.57760537361233,
            -230.5795783672671,
            -230.58378440965694,
            -230.56714463428852,
            -230.57985841080114,
            -230.5652725203691,
            -230.54441544262636,
            -230.544954186702,
            -230.54375081637068,
            -230.53831849807932,
            -230.53706930362495,
            -230.55715632626527,
            -230.56302666448545,
            -230.56647697379714,
            -230.56366935548974,
            -230.5574573324077,
            -230.5673659426271,
            -230.5769983020519,
            -230.563084367726,
            -230.56871216869115,
            -230.57155555132186,
            -230.5659683604294,
            -230.57215105704418,
            -230.57345653714003,
            -230.56520815088345,
            -230.5864467510917,
            -230.59028069610295,
            -230.59484430767463,
            -230.58760605590584,
            -230.57789133438,
            -230.59210971272532,
            -230.58825048687459,
            -230.57995122087414,
            -230.57098758661942,
            -230.58314511413815,
            -230.5666367766736,
            -230.58514860199386,
            -230.57497335139686,
            -230.55611937946352,
            -230.57504915389205,
            -230.58154747474006,
            -230.57058546169685,
            -230.58351220668524,
            -230.58322981181965,
            -230.58758893445324,
            -230.5714822557145,
            -230.57533331176012,
            -230.5695810986132,
            -230.57300007338443,
            -230.5656248249705,
            -230.57025055973781,
            -230.56365709828108,
            -230.55271346402498,
            -230.54806544383453,
            -230.55097720820717,
            -230.55676627059808,
            -230.5412699730615,
            -230.54650709448566,
            -230.5489463867523,
            -230.56258045561822,
            -230.56269729268104,
            -230.56796194702068,
            -230.57940494965044,
            -230.57318463653343,
            -230.56808621866793,
            -230.5704648504116,
            -230.5713005951582,
            -230.56455939226794,
            -230.57567376920008,
            -230.58097234119955,
            -230.57800616291334,
            -230.56387554379617,
            -230.56988498588404,
            -230.57635167796272,
            -230.56459457737873,
            -230.58806900710798,
            -230.58855039379844,
            -230.5785821836249,
            -230.5692768919614,
            -230.55977671851787,
            -230.57208619952587,
            -230.56462884519152
        ]
    },
    "local_energy_proxy": {
        "avg_time_sec": 0.343442,
        "cholesky_and_h1_mb": 1.7897,
        "total_intrinsic_memory_mb": 1.7897
    }
}