{
    "N_atoms": 42,
    "backend": "GNN",
    "results": {
        "final_energy_ha": -992.597373,
        "final_error_ha": 0.031306,
        "raw_block_energies": [
            -991.6473330774562,
            -991.8447100845901,
            -991.9920142682465,
            -992.102559378296,
            -992.1840840074544,
            -992.2500370758455,
            -992.3055855843907,
            -992.3415199688912,
            -992.3769074774681,
            -992.4045973609329,
            -992.430490736862,
            -992.4569897964258,
            -992.4524628640394,
            -992.472738278718,
            -992.4771145573386,
            -992.4799303265623,
            -992.4919373139763,
            -992.4971448162933,
            -992.5266063539698,
            -992.5549670209657,
            -992.5684650069652,
            -992.5687798800393,
            -992.5657805073761,
            -992.5804648763474,
            -992.5681248045549,
            -992.5541609302949,
            -992.5685016988801,
            -992.5935248432467,
            -992.587259428792,
            -992.5722981055839,
            -992.5868150639373,
            -992.5833252607133,
            -992.5761454407213,
            -992.594167956491,
            -992.6255356841125,
            -992.633362642905,
            -992.6076700787237,
            -992.615699912128,
            -992.6272962425062,
            -992.6175067220329,
            -992.6272339203618,
            -992.6228387345067,
            -992.6141048914931,
            -992.5893031043022,
            -992.5841540896417,
            -992.6055724156363,
            -992.5990683123983,
            -992.6141693646127,
            -992.6235651938455,
            -992.6296578103811,
            -992.6354630426731,
            -992.6140387980744,
            -992.6265152541316,
            -992.6337976022954,
            -992.6294271787747,
            -992.6189741147618,
            -992.6108836571012,
            -992.6165833185098,
            -992.6296646315478,
            -992.6259236984996,
            -992.6298884526224,
            -992.6251990697187,
            -992.6281585638709,
            -992.5983429482174,
            -992.6062144667845,
            -992.6441101745984,
            -992.6326435988406,
            -992.6480792271896,
            -992.625678520616,
            -992.6121317230321,
            -992.6232492023902,
            -992.6519255574458,
            -992.6484250464063,
            -992.6356546945917,
            -992.6286625002265,
            -992.6307965449043,
            -992.6106236594466,
            -992.6120237636467,
            -992.6115808198756,
            -992.6020668335972,
            -992.6049728062251,
            -992.6241801373137,
            -992.662250782803,
            -992.6527931839184,
            -992.6547047602428,
            -992.6313578820556,
            -992.621800021371,
            -992.6319610400416,
            -992.6463962596168,
            -992.6531122106602,
            -992.6437902326858,
            -992.6422437443845,
            -992.6369308877308,
            -992.6394851653154,
            -992.6273643339404,
            -992.6270018295011,
            -992.6153885624628,
            -992.6235400659782,
            -992.6694136857341,
            -992.6782588778009,
            -992.6820493804039,
            -992.6657477758653,
            -992.6784928289886,
            -992.6666800004127,
            -992.6794935463383,
            -992.6716003505223,
            -992.6393957162819,
            -992.6402852979982,
            -992.6659077371876,
            -992.6616143755427,
            -992.6550350991017,
            -992.649066649639,
            -992.6187727130665,
            -992.6163235682499,
            -992.6410769313898,
            -992.6358894939278,
            -992.6515202643892,
            -992.6483400390491,
            -992.6415916023759,
            -992.6558415308159,
            -992.6370794364872,
            -992.627493878547,
            -992.6385656021026,
            -992.599064087757,
            -992.6175770006182,
            -992.6214312075085,
            -992.6198756814873,
            -992.6265335240661,
            -992.6396276417776,
            -992.6558335878046,
            -992.647712368922,
            -992.6582678601065,
            -992.6736922785906,
            -992.6636895283976,
            -992.6667978136652,
            -992.665577780979,
            -992.647362215145,
            -992.6375832275019,
            -992.6432324386454,
            -992.6314698069863,
            -992.6267850218437,
            -992.6254138668723,
            -992.6338877057094,
            -992.6340811699572,
            -992.6322602605903,
            -992.6476459411231,
            -992.6676332088474,
            -992.6657257338608,
            -992.6501392998013,
            -992.6422590423431,
            -992.6289983842702,
            -992.6285150128016,
            -992.6366029497261,
            -992.6435107440877,
            -992.6406946093541,
            -992.6494848961167,
            -992.656959650449,
            -992.6647557695451,
            -992.6354643257253,
            -992.6543416073935,
            -992.6657427311659,
            -992.671528192138,
            -992.6848346804152,
            -992.6727078547431,
            -992.663020072055,
            -992.6580465950167,
            -992.6513477913047,
            -992.641477136581,
            -992.6582868365111,
            -992.6618917062912,
            -992.6373081736731,
            -992.645076790852,
            -992.6341569174615,
            -992.6211536370874,
            -992.6485610611511,
            -992.6431580504736,
            -992.6366910833539,
            -992.623411717706,
            -992.6375426334558,
            -992.6137069362508,
            -992.6092605044768,
            -992.6155291088412,
            -992.6482763723166,
            -992.6475757021918,
            -992.6260405371208,
            -992.6215297456891,
            -992.6010510378526,
            -992.5964358066468,
            -992.6056892284082,
            -992.5874985989371,
            -992.610101463587,
            -992.6098610724847,
            -992.6522249852022,
            -992.6457971466974,
            -992.6326150951703,
            -992.6289980147646,
            -992.6207801886819,
            -992.6137396534614,
            -992.6012982663702,
            -992.6101323014996,
            -992.6105691493993
        ]
    },
    "local_energy_proxy": {
        "avg_time_sec": 1.878321,
        "model_weights_mb": 0.0584,
        "graph_batch_mb": 27.8906,
        "total_intrinsic_memory_mb": 27.949
    }
}