{
    "N_atoms": 42,
    "backend": "Classical",
    "results": {
        "final_energy_ha": -993.307069,
        "final_error_ha": 0.029118,
        "raw_block_energies": [
            -991.4583784071584,
            -992.0563475897334,
            -992.4342499699767,
            -992.6875597259736,
            -992.8704331968634,
            -992.9980467669347,
            -993.0938876269197,
            -993.1511745040776,
            -993.210842695282,
            -993.249817658693,
            -993.2744216227034,
            -993.2919249581508,
            -993.3098360877779,
            -993.3188365391862,
            -993.3084318214214,
            -993.3001320437982,
            -993.2982707875042,
            -993.318117501251,
            -993.3353736795261,
            -993.3407539637931,
            -993.3163322736187,
            -993.3051384438893,
            -993.3036894982423,
            -993.3245831534764,
            -993.3423853196197,
            -993.357896521013,
            -993.3214211474778,
            -993.3158755204861,
            -993.3449090118846,
            -993.3324290369626,
            -993.3244338308268,
            -993.3185553121942,
            -993.3176738738289,
            -993.3082191388906,
            -993.3082356365564,
            -993.342512789927,
            -993.3421281025938,
            -993.3544892727411,
            -993.3357579139915,
            -993.3575523322536,
            -993.3731112170384,
            -993.3658576538876,
            -993.3371992272339,
            -993.3345182413523,
            -993.2923097256235,
            -993.3002699483128,
            -993.298386087686,
            -993.3162329223092,
            -993.316257995203,
            -993.3381403448012,
            -993.3493535894543,
            -993.3531412332986,
            -993.3570552622954,
            -993.3589150598231,
            -993.325029706734,
            -993.3331631502077,
            -993.3416111038024,
            -993.3441179376064,
            -993.33983065751,
            -993.3225936543338,
            -993.3316028737361,
            -993.3288475643128,
            -993.3145480458244,
            -993.3103070078909,
            -993.3412935958523,
            -993.3814699951662,
            -993.3482054411303,
            -993.3518551295348,
            -993.3153590453898,
            -993.3522958091504,
            -993.3909916596517,
            -993.3884650595332,
            -993.3769003216803,
            -993.3188931949089,
            -993.3240543730784,
            -993.3215746073986,
            -993.320811772069,
            -993.3274207037073,
            -993.3219540343991,
            -993.3207774280432,
            -993.320888761391,
            -993.3037349791425,
            -993.3768783602959,
            -993.4068486402151,
            -993.3929832276822,
            -993.3731908059463,
            -993.3530901342564,
            -993.3911959930969,
            -993.3680714917759,
            -993.3497958168088,
            -993.3509038343003,
            -993.3657320484346,
            -993.3365336441226,
            -993.3227596504654,
            -993.3344464961775,
            -993.2971988517878,
            -993.3279775821882,
            -993.3314307024436,
            -993.3614192679975,
            -993.343084504704,
            -993.379527784567,
            -993.3828720891257,
            -993.378304797432,
            -993.3578144245644,
            -993.3873920277787,
            -993.3950866969328,
            -993.3738257726093,
            -993.3491818005796,
            -993.3377856216867,
            -993.3256849839557,
            -993.3161777907657,
            -993.3236780632408,
            -993.3283451437105,
            -993.356848737903,
            -993.3335632555074,
            -993.3468619856488,
            -993.3872011423861,
            -993.3932676934604,
            -993.3482355772273,
            -993.3777471020219,
            -993.37125512515,
            -993.3897696856241,
            -993.3921590338427,
            -993.3448369981244,
            -993.3253057026936,
            -993.3339260088139,
            -993.3425550227859,
            -993.3172885201955,
            -993.3021196881457,
            -993.2996627013512,
            -993.3095915363004,
            -993.3520581741427,
            -993.3003365135331,
            -993.2874655925865,
            -993.311389092697,
            -993.3571552591785,
            -993.3084511607989,
            -993.3206862564506,
            -993.369124612323,
            -993.3531713304238,
            -993.3416564935116,
            -993.3416833783975,
            -993.379644300811,
            -993.3582671534684,
            -993.356406922273,
            -993.3367944330204,
            -993.3543961502788,
            -993.3401236708679,
            -993.3193977237989,
            -993.3375442770478,
            -993.3374692396582,
            -993.3438094019999,
            -993.3498153624041,
            -993.3237814802541,
            -993.3281960606554,
            -993.3381298910722,
            -993.3083370468433,
            -993.3086115140413,
            -993.3427388349462,
            -993.3382942195524,
            -993.3761607250747,
            -993.369171157409,
            -993.3791819040166,
            -993.3584430735191,
            -993.3508708346978,
            -993.3163788171398,
            -993.3277142990967,
            -993.3403661368872,
            -993.3213976001914,
            -993.3061787508494,
            -993.3103588506859,
            -993.3053607447371,
            -993.3103475877689,
            -993.3346641156849,
            -993.3311345226913,
            -993.3227942255266,
            -993.330157571993,
            -993.3148836514777,
            -993.3259387725518,
            -993.322102525072,
            -993.3226077980339,
            -993.3703551735799,
            -993.3661113415067,
            -993.3666267860433,
            -993.3359370141112,
            -993.3663585533299,
            -993.333095583133,
            -993.3265289407203,
            -993.3468200237012,
            -993.3627276848603,
            -993.383143230206,
            -993.3593865367225,
            -993.3478297473632,
            -993.3443251426115,
            -993.3357036830996,
            -993.3219511444646,
            -993.3200364431179,
            -993.3332908631298,
            -993.2992860294545,
            -993.3283220834827,
            -993.3282631083229
        ]
    },
    "local_energy_proxy": {
        "avg_time_sec": 109.860991,
        "cholesky_and_h1_mb": 123.9227,
        "total_intrinsic_memory_mb": 123.9227
    }
}