{
    "N_atoms": 18,
    "backend": "Classical",
    "results": {
        "final_energy_ha": -383.119059,
        "final_error_ha": 0.012116,
        "raw_block_energies": [
            -382.4068207188693,
            -382.6370062733404,
            -382.78648638877166,
            -382.88009381766034,
            -382.9390408301019,
            -382.9900456514199,
            -383.0184371530988,
            -383.0440544003757,
            -383.07033731641627,
            -383.0786796590088,
            -383.0858219917786,
            -383.09026485210507,
            -383.0937941396075,
            -383.1050359116772,
            -383.11649494447636,
            -383.11309132198494,
            -383.1016955502692,
            -383.1012125261992,
            -383.1093730898449,
            -383.1071237045659,
            -383.1334070250802,
            -383.12353707567064,
            -383.1182113650345,
            -383.12581491760085,
            -383.1277426489021,
            -383.13565502623396,
            -383.12944642685886,
            -383.11466615919124,
            -383.105064579809,
            -383.11676225150245,
            -383.11710308201384,
            -383.1328505100057,
            -383.1327928831739,
            -383.13772469942,
            -383.13453704063994,
            -383.12978176997535,
            -383.11701250602727,
            -383.1247363310598,
            -383.1247463318231,
            -383.1272051647129,
            -383.11319221990124,
            -383.1217394943044,
            -383.1140113271018,
            -383.1124541420124,
            -383.126237649255,
            -383.1417309852476,
            -383.154444383345,
            -383.14414787086326,
            -383.1388847813975,
            -383.13558382570847,
            -383.1533062152793,
            -383.14956616757513,
            -383.14395731129713,
            -383.138083178288,
            -383.1428720742442,
            -383.13412915694215,
            -383.1332967267439,
            -383.1462952530215,
            -383.1773095052306,
            -383.15034829820786,
            -383.15208485852935,
            -383.13584465885464,
            -383.13372499285816,
            -383.12768777900357,
            -383.1362098520582,
            -383.1379126705296,
            -383.14140815780746,
            -383.1246927286136,
            -383.12611646422033,
            -383.1256960607091,
            -383.11703316545737,
            -383.12274597332345,
            -383.1231484332332,
            -383.13132087649046,
            -383.1529150370634,
            -383.16108672338277,
            -383.13470751065614,
            -383.13945381614195,
            -383.13033238175234,
            -383.12787775149695,
            -383.13291719029087,
            -383.1386342451754,
            -383.1568533653915,
            -383.16309656795073,
            -383.13874027640566,
            -383.1279267315797,
            -383.1658807754612,
            -383.1683607851982,
            -383.1552614246948,
            -383.14677681819575,
            -383.1261922512079,
            -383.1459735223208,
            -383.14823475231026,
            -383.1528414280726,
            -383.1640579809954,
            -383.1461579916054,
            -383.12256688290586,
            -383.1206159793561,
            -383.1153678945218,
            -383.11635724536006,
            -383.10970255829994,
            -383.11919767394215,
            -383.1322224241793,
            -383.1449105466753,
            -383.1434654625317,
            -383.1629588747114,
            -383.1311093864624,
            -383.15003611215377,
            -383.1330317989289,
            -383.1337031249947,
            -383.1466319455393,
            -383.1331009913411,
            -383.1200443697355,
            -383.1183792084341,
            -383.1111108609464,
            -383.11577858254407,
            -383.1208878014335,
            -383.1216900336804,
            -383.11254743926105,
            -383.136412352439,
            -383.15406553091873,
            -383.1477391575242,
            -383.1186399828557,
            -383.13106846069894,
            -383.1211638829583,
            -383.1438917957659,
            -383.14166838497323,
            -383.1418872422094,
            -383.1586417771518,
            -383.1403287834601,
            -383.1295617174491,
            -383.14971144911453,
            -383.1405958029034,
            -383.1639617601373,
            -383.1335614168348,
            -383.11548381066933,
            -383.1230780467166,
            -383.1328284721649,
            -383.1247165463756,
            -383.1217641148591,
            -383.13593860946304,
            -383.12903035206006,
            -383.10871127063314,
            -383.10765733013716,
            -383.12178475850556,
            -383.12307045260934,
            -383.1225772525724,
            -383.13812187716917,
            -383.14512106142007,
            -383.1550308816145,
            -383.12437792450487,
            -383.13687819085203,
            -383.1337306996477,
            -383.1333913075163,
            -383.13608700382633,
            -383.12098301716054,
            -383.15681521494105,
            -383.14658404790714,
            -383.1477974554887,
            -383.1514046535991,
            -383.1509889523271,
            -383.1340293564708,
            -383.12376685702213,
            -383.1200346455527,
            -383.1359087526812,
            -383.1443311913493,
            -383.13604640379265,
            -383.10522208350346,
            -383.1163495943845,
            -383.1556401681754,
            -383.13702277931844,
            -383.12257773179687,
            -383.1190298857626,
            -383.1074627003577,
            -383.1195874388052,
            -383.10764323218694,
            -383.11072291709223,
            -383.1285588258266,
            -383.1450494582638,
            -383.1366027423073,
            -383.11948651553126,
            -383.1130093373626,
            -383.1314263647462,
            -383.1297861239981,
            -383.13456558506783,
            -383.1279023159305,
            -383.1482855304758,
            -383.13362710333917,
            -383.1384284161725,
            -383.1388123502565,
            -383.14171617953673,
            -383.1223899067117,
            -383.1090655755947,
            -383.1188753828615,
            -383.12546753441944,
            -383.1188924448604,
            -383.1210999383901,
            -383.12289657197186,
            -383.14421536207806,
            -383.1285272340352,
            -383.1333879187736
        ]
    },
    "local_energy_proxy": {
        "avg_time_sec": 2.067974,
        "cholesky_and_h1_mb": 7.6226,
        "total_intrinsic_memory_mb": 7.6226
    }
}