{
    "N_atoms": 18,
    "backend": "GNN",
    "results": {
        "final_energy_ha": -383.181941,
        "final_error_ha": 0.021045,
        "raw_block_energies": [
            -382.5116401476226,
            -382.6441251366176,
            -382.7322929006929,
            -382.8010338379407,
            -382.85339596516576,
            -382.90835994702223,
            -382.9427075551039,
            -382.97256178550214,
            -383.0047092814361,
            -383.0259734671698,
            -383.0411644630828,
            -383.063612721031,
            -383.0777639729245,
            -383.0863401814929,
            -383.09586396168015,
            -383.10897329462983,
            -383.13263457073447,
            -383.1435935448361,
            -383.1522673409261,
            -383.15509873793235,
            -383.16262937415456,
            -383.17014115616286,
            -383.16231269313437,
            -383.17397420247636,
            -383.1791662070123,
            -383.1862215656262,
            -383.1792887754844,
            -383.18001586269816,
            -383.16593312864484,
            -383.1766350653758,
            -383.1856982759775,
            -383.1806165275181,
            -383.183536337425,
            -383.1990868364631,
            -383.2005157954563,
            -383.2057273694283,
            -383.1952657372699,
            -383.1850901565,
            -383.1837364884479,
            -383.17937518497916,
            -383.19606636369474,
            -383.1952079096339,
            -383.1928112176116,
            -383.1929495140921,
            -383.2020805788354,
            -383.20692305103506,
            -383.21956695385745,
            -383.21573123065787,
            -383.2202344854887,
            -383.2302216515351,
            -383.22670460760713,
            -383.2317597083962,
            -383.2367277691181,
            -383.2274649731856,
            -383.2219929797869,
            -383.22675648355045,
            -383.22025321942004,
            -383.2363458307211,
            -383.2319463418012,
            -383.2230743939871,
            -383.2176244787029,
            -383.2052536462567,
            -383.21039810624063,
            -383.19322215783825,
            -383.1964039731324,
            -383.19030293133267,
            -383.1976928720848,
            -383.1961828340376,
            -383.1985590520429,
            -383.20832256549716,
            -383.2047944389461,
            -383.2008387262064,
            -383.2108613026409,
            -383.2143121092896,
            -383.2160603697102,
            -383.2052548969875,
            -383.2267417355112,
            -383.2094874674472,
            -383.2057281880607,
            -383.21076472629335,
            -383.22049174319795,
            -383.2151406983055,
            -383.21530833680487,
            -383.21777699786674,
            -383.2096714242518,
            -383.1948987467637,
            -383.18578969518893,
            -383.19464273531344,
            -383.2035705773463,
            -383.1984838211568,
            -383.1815308851286,
            -383.18125685769405,
            -383.189514404073,
            -383.1905814564612,
            -383.18945532601913,
            -383.18590580492696,
            -383.19571765479367,
            -383.2073173472815,
            -383.2144358393149,
            -383.2028612694322,
            -383.2101762441552,
            -383.19376215913184,
            -383.20181273159517,
            -383.2124495531477,
            -383.199461128637,
            -383.2038140557807,
            -383.1965525757968,
            -383.20242021542975,
            -383.19515607054103,
            -383.2052442102519,
            -383.20268002181854,
            -383.22406208211726,
            -383.2176918382609,
            -383.2301050697774,
            -383.2261296574277,
            -383.22611815369737,
            -383.23207462810296,
            -383.24236969686916,
            -383.23184477906244,
            -383.226602647222,
            -383.23630389929826,
            -383.2241114536795,
            -383.2165755181211,
            -383.22649923653523,
            -383.2240269201386,
            -383.2188265275691,
            -383.2060656517863,
            -383.2110040158741,
            -383.2035144615746,
            -383.21235592051966,
            -383.2038117879455,
            -383.20234796917987,
            -383.20182357713566,
            -383.21315809625355,
            -383.2107623389746,
            -383.18967004180274,
            -383.2011481833633,
            -383.21562330406164,
            -383.2024957087016,
            -383.1977944107889,
            -383.1978769443469,
            -383.19798207527214,
            -383.2025747367109,
            -383.2036282441915,
            -383.213725892132,
            -383.20918976805683,
            -383.21450575841715,
            -383.2260395316821,
            -383.2305030201415,
            -383.230221425066,
            -383.22777772695207,
            -383.23106999780384,
            -383.2180672780801,
            -383.2275430804293,
            -383.21378771825886,
            -383.2182491080599,
            -383.2224195074655,
            -383.2288767298413,
            -383.2259901803943,
            -383.21572623822857,
            -383.2226220846808,
            -383.2148595537717,
            -383.2099046899784,
            -383.2254714960691,
            -383.22020154646316,
            -383.22092662186304,
            -383.2297461229497,
            -383.20794225999765,
            -383.20382770628623,
            -383.2232718758598,
            -383.19473383160357,
            -383.1987061004024,
            -383.182496559957,
            -383.1749721938518,
            -383.1800344657083,
            -383.18522355834136,
            -383.19433398648664,
            -383.205484598283,
            -383.1919145770386,
            -383.20890301202667,
            -383.2042758191302,
            -383.19270196184675,
            -383.1954606800861,
            -383.17773357409175,
            -383.19515961252824,
            -383.20020639326003,
            -383.1995761828925,
            -383.19178829875597,
            -383.17990954544734,
            -383.1827382837071,
            -383.18851657968753,
            -383.1946582698871,
            -383.19124780813115,
            -383.190595331713,
            -383.19147573105204,
            -383.1874036971935,
            -383.20799815714935,
            -383.2091133766352,
            -383.2274181177272,
            -383.2204971204619,
            -383.2095129000888
        ]
    },
    "local_energy_proxy": {
        "avg_time_sec": 0.201908,
        "model_weights_mb": 0.0584,
        "graph_batch_mb": 5.2031,
        "total_intrinsic_memory_mb": 5.2615
    }
}